0,1,2,3,4,5,6,7,8,9,10
130654965,L'individu contre l'État,"La 4e de couverture indique :""","a Herbert Spencer (1820-1903), philosophe, économiste et sociologue anglais fut l'un des premiers théoriciens du libéralisme. Il est aujourd'hui presque oublié bien qu'il connßt de son vivant une renommée internationale. Après la révolution russe et la Première Guerre mondiale, sa doctrine qualifiée à tort de ""darwinisme social"", très critiquée par les partisans de l'Etat-Providence, tombe peu à peu dans l'indifférence générale. A la fin de la Seconde Guerre mondiale, ses théories sont redécouvertes par le prix Nobel d'économie, le néolibéral Friedrich Hayek. Aujourd'hui Spencer est principalement connu pour ses essais politiques. Il est fréquemment cité par les penseurs libéraux comme Robert Nozick ou Milton Friedmann, et beaucoup de dirigeants politiques et économiques font référence à ses écrits pour légitimer les politiques de déréglementation ou de ""réforme de l'Etat"". Récupérée un peu rapidement par les tenants d'un libéralisme débridé, la pensée d'Herbert Spencer a été souvent caricaturée et mérite une lecture plus attentive. Le texte ici présenté rassemble quatre articles publiés initialement dans la ""Contemporary Review"" en 1884, aussitôt réunis par Spencer dans un recueil The Man versus the State L'individu contre l'EtatĐ et complétés par une préface et un post-scriptum. Spencer y développe ses théories antiétatiques ébauchées dès 1842 dans ses lettres rassemblées dans The Proper Sphere of Government, et plaide pour un ""Etat régalien"" réduit aux fonctions de police, de justice, de diplomatie et à l'armée. Dès sa publication, l'ouvrage fit scandale et provoqua une énorme polémique. A l'heure où sont questionnés à nouveau et de manière aiguë, le rôle de l'Etat et son intervention dans l'économie et la société, la pensée de Spencer trouve plus que jamais sa place dans le débat public.""",Libéralisme;Libéralisme,320.510 941,,,,,
145536599,Thèbes aux 101 portes : mélanges à la mémoire de Roland Tefnin,La nécropole thébaine attire archéologues et amateurs à Louxor depuis deux siècles. Les recherches scientifiques sur ce magnifique ensemble de tombes peintes du 2ème millénaire n'en sont toutefois qu'à leurs débuts. Il en va ainsi de l'étude de l,"architecture des chapelles funéraires et de leur programme décoratif, ou encore de la ""grammaire"" de l'image, que Roland Tefnin qualifiait plus volontiers de ""poésie"" de l'image Les occupations récentes de la nécropole, comme celle de l'époque copte, où des ermites peuplaient la montagne thébaine, ou celle de l'époque moderne, n'ont même jamais reçu l'attention qu'elles méritent. ""Thèbes aux 101 Portes"" constitue un état de la question, une espèce ""d","arrêt sur images"", abordant par ailleurs la conservation et la restauration, devant préserver ce patrimoine pour les générations futures",Religion égyptienne;Religions;Égyptien ancien (langue),932-933,,,,
145614808,La guerre du Vietnam,"Un des grands évènements du 20e siècle : l'affrontement dans cette partie de l'Asie du Sud-Est entre le Vietnam du Nord et le Front National de Libération, soutenus par l'URSS et la Chine Populaire, et le Vietnam du sud allié aux Etats-Unis	Guerre du Vietnam (1961-1975)	959.7043
145614867	L'acrobatie	Acrobatie rime tout autant avec maîtrise du corps dans l'espace qu'avec perte totale de contrôle lors de chutes spectaculaires. Existant sous des formes multiples et sans cesse renouvelées, elle possède une place de choix au sein des activités physiques sportives et expressives. Cet ouvrage aide à comprendre ce que c'est qu'être acrobate et comment on le devient.	Acrobatie -- Étude et enseignement;Cirque -- Entraînement;Gymnastique acrobatique -- Étude et enseignement	796.47
145614883	Construire ensemble le grand ensemble : habiter autrement	L’équipe de Construire ensemble/Le grand ensemble, composée des architectes Patrick Bouchain, Loïc Julienne, Nicole Concordet, Sébastier Eymard, Chloé Bodart et Denis Favret, n’a de cesse de démontrer que l’acte de bâtir n’implique pas les premiers concernés – ses habitants – et expérimente une autre façon de produire et de gérer l’habitat collectif. L’équipe est convaincue du potentiel civique des citoyens pour participer à son élaboration. Afin de répondre à deux questions : comment mieux vivre ensemble ? ; et comment faire pour inclure dans la fabrique des villes les enjeux environnementaux, autrement que par des lois ?	Grands ensembles;Logement social	728.3
145614972	Histoire de la cartographie : bibliographie géographique internationale [1954-1968]	Compilation de bibliographie sur la cartographie entre 1954 et 1968	Cartographie -- Bibliographie	
145620999	Ne m'appelez plus jamais mon petit lapin""","Voici l'histoire de Jean Carotte, un petit lapin qui en avait assez que tout le monde l'appelle "" Mon petit lapin "". Alors, pour bien montrer aux grands qu'il n'est plus "" leur petit lapin "", Jean Carotte décide un jour de devenir le pire des lapins... Affirmation de soi quand on grandit, amitié, rapport au corps et aux différences, relation enfants/adultes sont les thèmes et questions abordés dans cet album des plus connus de G. Solotareff.",Autonomie -- Ouvrages pour la jeunesse;Différence (philosophie) -- Ouvrages pour la jeunesse;Estime de soi -- Chez l'enfant;Lapin -- Ouvrages pour la jeunesse,,,,,,
168619016,Le Paris des années 1920 : avec Kiki de Montparnasse,"Paris, 1918-1928, ce sont les années folles. Il faut oublier la guerre, essayer toutes les nouveautés, tous les plaisirs. Rien n'est plus excitant que de se montrer dans les lieux à la mode, et rencontrer en une seule nuit l'élite artistique de la capitale, des bars-dancing de Montmartre à Montparnasse, est une chose toute naturelle. Sous ses airs de bal mondain, la décade des illusions n'en est pas moins complexe et ses contradictions, spectaculaires. Les modernes y côtoient les nostalgiques de l'ordre classique. On y fait souvent le grand écart entre les salons chics du Faubourg Saint-Germain et le bistrot des halles. Le jazz et l'accordéon, le groupe des Six et Stravinski se partagent la scène, tout comme le cinéma en plein boum et le théâtre d'","avant- garde. Dadaïstes et surréalistes s'y disputent l'honneur de faire scandale. Parmi ses monstres sacrés, on compte nombre d'expatriés fortunés et de filles sans le sous.",Artistes;Artistes et modèles;Vie intellectuelle -- Quartier du Montparnasse,700,,,,,
169298116,La  salope éthique : guide pratique pour des relations libres sereines,,"a En 1997, un objet littéraire non identifié en provenance des États-Unis nous percutait de plein fouet : The Ethical Slut de Dossie Easton et Janet W Hardy, autrement dit La Salope éthique...Mais quelle était donc cette créature singulière, cette salope autoproclamée et de plus douée d'un sens éthique ? Dans certains cercles avertis l'ouvrage eut un retentissement considérable. Très rapidement il devint la bible de celles et ceux à qui la perspective de la monogamie-jusqu'à-ce-que-la-mort-nous-sépare semblait un tout petit peu terne. Ainsi La Salope Éthique revendiquait le droit de sortir des sentiers battus. Héritière du libertinage et de l'amour libre, elle faisait l'apologie du ""polyamour""...sans pour autant invalider la monogamie choisie après mßres réflexions. ""Polyamour ?"" Vous voulez dire ""polygamie ?"" Pas exactement. Pour expliquer le polyamour il suffit de prendre en compte les postulats inébranlables sur lesquels il repose : consentement et consensualité, introspection lucide, limites personnelles claires et précises, respect de ces limites ainsi que de celles d'autrui, communication honnête, désir de garantir le bien-être de l'ensemble des partenaires... et puis fidélité. Eh oui, de même que le concept de ""salope abstinente"" n'est, comme vous le découvrirez dans cet ouvrage, pas un oxymore, la fidélité fait bel et bien partie intégrante des relations multiples. Car fidélité signifie avant tout respect des engagements pris ! Déconstruisant allègrement les mythes et les fondements de l'Occident en matière d'amours et de sexualités, Dossie Easton et Janet W. Hardy ont mis, dans cet ouvrage mis à jour et adapté à notre culture, leur expérience à notre service pour nous offrir une magnifique boîte à outils relationnelle. Désapprentissage de la jalousie, disputes équitables, conflits constructifs, ruptures sereines, tout en baignant dans une abondance d'amour et d'amitié...tout cela est devenu de l'ordre du possible pour les salopes éthiques. Une salope éthique donc, mais aussi épanouie, en harmonie avec le monde et débordante d'humanité. Un guide de vie qui concerne tout le monde au-delà du sexe, du genre et de la sexualité !",Amour libre;Liberté sexuelle;Relations amoureuses,306.7,,,,,
193458209,Principes de marketing,"La 4e de couv. indique : ""Écrit par les deux experts mondiaux de la discipline, ce livre constitue une initiation complète, accessible et attractive aux grands domaines du marketing. Tout en conservant les caractéristiques qui ont fait son succès, cette nouvelle édition se caractérise par : Une approche résolument concrète : plus de deux cents exemples récents tirés d'entreprises mondialement connues ou particulièrement originales, plus de vingt encadrés « Marketing en actions » exposant un cas d'entreprise ou une pratique pour faire le lien entre les différentes notions au fur et à mesure de la progression ; Une adaptation remarquable au contexte français et européen : Emmanuelle Le Nagard-Assayag, Thierry Lardinoit et trois nouveaux auteurs, Delphine Dion, Raphaëlle Butori et Frédéric Oble, chacun expert dans un domaine du marketing, contextualisent l'essentiel des données et des exemples ainsi que les problématiques traitées : Fairphone, le smartphone éthique et développement durable, Undiz et son concept store digital, les principes de segmentation des abonnements mobiles en France, etc. ; Une intégration des problématiques et tendances les plus actuelles : la création de valeur pour le client et avec le client, l'explosion des technologies numériques et des réseaux sociaux qui favorisent l'implication des clients et le sentiment de communauté autour d'une marque, l'importance croissante de la responsabilité sociale de l'entreprise, etc. ; Une mise en oeuvre facilitée entre le manuel et la plateforme MyLab "," version française : des modules d'apprentissage et de révision en autonomie pour intégrer les différents concepts du cours, des études de cas vidéo avec QCM de préparation, des exercices interactifs de mise en situation, plus de 200 quiz d'autoévaluation ainsi que les compléments indispensables tels que glossaire, bibliographie et webographie""",Marketing,658.8,,,,,
193928604,Japanese,Guide de conversation Japonais pour anglophones , tous niveaux Quelques jours à Tokyo ou sur une des îles du pays du Soleil-Levant ? Le créateur de la célèbre méthode Assimil a conçu pour vous le compagnon indispensable de votre week-end ou séjour au Japon. > Initiation à la langue : 21 leçons de japonais > Les phrases et les mots indispensables > Toute la prononciation > Toutes les situations du voyage,Japonais (langue) -- Vocabulaires et manuels de conversation français,495.683 441,,,,,
193928612,German,Guide de conversation allemand pour anglophones , tous niveaux. Berlin Munich ou peut-être Vienne ? Le créateur de la célèbre méthode Assimil a conçu pour vous le compagnon indispensable de votre week-end ou séjour en Allemagne ou en Autriche. > Initiation à la langue : 21 leçons d'allemand > Toute la prononciation > Toutes les situations du voyage,Allemand (langue) -- Vocabulaires et manuels de conversation français,438.34,,,,,
194037967,Anus beauté,"Mitsuki Yakushiji, 16 ans, a tout pour être heureux. Sauf qu'il traîne avec lui un lourd fardeau : il souffre d'hémorroîdes. Personne n'est au courant, bien sûr, jusqu'à ce qu'une de ses camardes de classe le démasque. Frappée du même mal que lui, Shiori Miura connaît tout de cette maladie et elle est bien décidée à aider Yakushiji à la combattre, même contre son gré... [Source : 4e de couverture]	Hémorroïdes -- Bandes dessinées	
194038947	Suzette	Suzette la petite coccinelle s'est perdue et cherche sa maman. Elle fait un dessin afin que les animaux de la mare l'aident à la retrouver.	Animaux des étangs -- Ouvrages pour la jeunesse;Coccinelles -- Ouvrages pour la jeunesse;Mères et enfants -- Ouvrages pour la jeunesse;Solidarité -- Ouvrages pour la jeunesse	
194039927	Sains et saufs : [exposition  Sains et saufs. Protéger et surveiller au 21e siècle"", Lausanne, Musée de Design et d'Arts appliqués (MUDAC), du 23 mars au 21 août 2016]","La société actuelle regorge d’instructions et de gestes obligés relatifs à la sécurité ou à l’anticipation des dangers. D’innombrables consignes de sécurité détaillent les marches à suivre pour écarter tout risque dans l’espace public alors que des sas contrôlent l’accès à un nombre croissant de lieux privés. La société occidentale s’oriente ainsi vers l’ultra-sécurité et vers un refus de l’inattendu qui vire à l’obsession sécuritaire. Sains et saufs aborde ce phénomène par le biais du design, d’objets de la vie courante, de la photographie et de l’art contemporain, sous quatre angles : sécurité, peur, protection et surveillance. Entre objets répondant à une nécessité précise de protection et positions de designers et d’artistes plus critiques et distanciées, le catalogue et l’exposition qui l’accompagne dressent un panorama symptomatique de cette facette de notre société. (ed.)","Art -- Thèmes, motifs;Systèmes de sécurité -- Dans l'art;Sécurité humaine -- Dans l'art",,,,,,
194347818,Macroéconomie,"La 4e de couverture indique : ""Véritable livre de référence, ""Macroéconomie"" bénéficie d'un double point de vue : celui de l'auteur de l'édition américaine, Olivier Blanchard, un des meilleurs spécialistes de l'économie mondiale, et celui de son également célèbre coauteur, Daniel Cohen, à qui l'on doit cette édition européenne francophone. Complet, accessible et attractif, ce manuel est particulièrement adapté à des étudiants en Licence. Il expose tous les concepts de la discipline (PIB, croissance, inflation, politique économique, marché du travail, chômage, modèle IS/LM, courbe de Phillips, taux de change, etc.) et présente les principales écoles de pensée (Keynes et les classiques, Friedman, etc.) ainsi que les grands événements économiques et les tendances structurelles. Cette édition actualisée et enrichie rend compte des développements récents de l'économie mondiale et de la recherche en macroéconomie, notamment dans les domaines suivants : Le marché du travail ; Les taux d'intérêt ; La balance des paiements de la France ; La crise des dettes publiques en Europe. L'ensemble des données chiffrées (chômage, inflation, croissance, PIB, etc.) ont été actualisées. Enfin, vous bénéficiez dans la présente édition d'un outil numérique exceptionnel puisqu'en plus de MyLab "," version française, lui aussi augmenté, vous avez accès librement aux exercices d'autoévaluation de MyEconLab (en anglais) ...""",Macroéconomie -- Manuels d'enseignement supérieur;Macroéconomie -- Problèmes et exercices,339,,,,,
226652998,La démesure de l'Amérique,"Quel est le point commun entre l'introuvable Hangar 18, qui abriterait les débris d'une soucoupe volante et le club très privé de Bohemian Grove ? Entre l'Eglise de Jésus-Christ des saints des derniers jours et une starlette en quête de gloire à Broadway ? Entre la guerre des os et le ranch de George Lucas ?Aucun ! Sinon que tous symbolisent à leur manière la démesure de l'Amérique. Daniel Smith, chercheur et expert en géopolitique,en explore chaque aspect en multipliant les enquêtes toutes plus improbables les unes que les autres. Trésors réels ou supposés,lieux mythiques, recettes à la composition jusqu'ici gardée secrète ou exploits insensés, cet ouvrage offre une plongée dans les dimensions les plus folles de l'Amérique. [Source : 4e de couv.]	Patrimoine culturel	
226653528	Macroéconomie et comptabilité nationale : les bases""","La 4e de couv. indique : ""Ce livre 'Macroéconomie et comptabilité : les bases' s'adresse aux étudiants de Licence 1 d'Économie-Gestion et AES ou des DUT ou BTS tertiaires. Fruit d'un enseignement réalisé à la Faculté d'Économie, Gestion et AES de l'Université de Bordeaux, à des étudiants non francophones qui souhaitent entrer en première année d'université, il se propose de répondre aux questions que tout étudiant se pose lorsqu'il aborde des enseignements de macroéconomie. Quel enseignant n'a jamais dû répondre à la question : 'La macro, et la compta. nat. à quoi cela sert-il ?' Pour y répondre, cet ouvrage propose une approche qui combine à la fois une présentation des théories élémentaires de l'analyse macroéconomique et la mesure des phénomènes qui en est faite. Pour chaque thème abordé, ce manuel présente une partie cours et une partie exercices avec leurs corrigés. Il est structuré en cinq chapitres.""",Comptabilité nationale;Macroéconomie,339,,,,,
231039786,Petites conversations sur les violences : paroles d'une femme policière,,"a En 2018, en France, les violences répétées sont encore le quotidien de milliers de femmes, d'hommes et d'enfants. Elles les broient, les marquent à vie et les plongent dans l'isolement et la honte. Qui sont ces victimes ? Pourquoi supportent-elles tant de souffrances ? Le cycle des violences, l'emprise, le stress post-traumatique, tous ces phénomènes qui les emprisonnent sont expliqués au lecteur afin qu'il change son regard et puisse comprendre que l'inexplicable a du sens. Les violences vues de l'intérieur, avec respect et pudeur. Le lecteur est guidé par une main bienveillante et expérimentée. Ce livre est l'analyse d'un fléau. Il s'adresse à tous dans le souci d'informer et de protéger.",Femmes victimes de violence -- Psychologie;Violence conjugale,362.829 2,,,,,
233481036,Thibaud autour du monde Thibaud à la découverte du cacao,"Les cabosses sont ouvertes avec une machette pour en extraire les fèves. Celles-ci sont ensuite disposées sur des feuilles de bananier, où elles vont fermenter pendant quelques jours. Kevin aide ses oncles et ses frères car ce travail est très long. La récolte et la préparation des fèves nécessitent beaucoup de travail pour un très faible revenu : le kilo de fèves séchées est acheté 3,20 francs français par les commerçants (prix en janvier 1996). (4ème de couverture). Cette bande dessinée éducative a été réalisée dans le cadre d’un projet de sensibilisation sur le thème des produits agricoles cultivés dans les pays en développement et est inspirée des histoires de vie réelles d’enfants du monde.	Fèves de cacao -- Ouvrages pour la jeunesse;Producteurs de cacao -- Ouvrages pour la jeunesse	
233481710	Aperçu de l'information et de la propagande dans les milieux indigènes du Congo-Belge : de la presse missionnaire à La Voix du Congolais""","Les buts de l'information et de la propagande sont nettement différents : informer quelqu'un, c'est lui fournir des renseignements qui lui permettront d'agir en connaissance de cause, tandis qu'effectuer de la propagande consiste à essayer de modifier l'opinion et la conduite des gens auxquels on s'adresse. Le professeur Durandin ajoute : ""Mais la propagande emprunte souvent les mêmes canaux que l'information ; en outre les propagandistes esssayent souvent de se faire passer pour de simples informateurs, afin de ne pas éveiller la méfiance."" Dans le cas qui nous concerne et dans le contexte colonial des années 40, les deux choses allaient de soi. L'informateur était à la fois propagandiste, et se présentait comme tel, sans masque. Nul besoin ou nécessité de s'en cacher, convaincu de la justesse de sa mission, de la supériorité de sa civilisation au nom de laquelle on oeuvrait. Cette conviction, ne l'avait-on pas fait partager par l'éducation, par l'action religieuse, par l'action économique, par l'action politique...aux colonisés, du moins à une minorité de ceux-ci, infériorisés et tentés de sortir de sa condition par l'imitation de son ""civilisateur"" ? Et cela, afin de se voir dans un avenir lointain assimiler à ses maîtres. Dans ce contexte, le personnage du propagandiste premait le pas sur l'informateur. L'information servait de prétexte à la propagande. Le problème pour le Pouvoir colonial belge, tout imbu de son paternalisme, était de façonner le colonisé, de le manipuler afin de se reproduire ou plutôt de continuer l'ordre colonial ; sans ou avec moins d'à-coups. IL fallait, dans les moments difficiles que traversait le Congo Belge des années 40, l'assurer et défendre cet ordre avec les moyens habituels (répression) et nouveaux : l'information et la propagande organisées et réalisées par le Pouvoir lui-même. Par cette dernière action, il cherchait à regagner la confiance, à donner de l'espoir aux colonisés dans un cadre de référence strict et simplificateur des réalités.",Années 1940;Colonisation;Presse et propagande,303. 375 096 75,,,,,
234222115,La  moustache cachée dans la barbe,"La Moustache cachée dans la barbe est le premier et ultime numéro d'un magazine où l'on trouvera des textes sur le perfectionnement de la cafetière au XIXe siècle, un entretien de Clifford Geertz sur les films de Margaret Mead, des critiques littéraires ou quelques réflexions sur le langage quotidien des français. Cette publication adopte la forme des revues que l'on feuillette dans les bars et les salles d'attente, mais se présente aussi comme une suite de textes anonymes édités par Thomas Boutoux, et comme l'excroissance fictive des expositions récentes de l'artiste Francisco Tropa à la Galerie Jocelyn Wolff (Paris), et au Grand Café "," Centre d'art contemporain (Saint-Nazaire). Ses sculptures, sérigraphies, machines optiques et d'énigmatiques éléments mobiliers y reconstruisent l'espace d'un café, dans ses dimensions physiques et comme lieu producteur de récits. Les oeuvres issues de l'exposition s'intègrent à la revue dans des séquences visuelles et textuelles autonomes, qui tentent de donner l'image d'un monde possible à partir de l'oeuvre de l'artiste.",Art et littérature,,,,,,
236999680,"Healthy, mais pas trop !",Alimentation intuitive , Sport ," Développement personnelLe guide décomplexant pour une vie plus saine et heureuseMoi c'est Pauline, auteure du blog vivrehealthy.com sur «  l'internet  »  ! Voici mon guide pour être bien dans ses baskets et dans sa tête.Point de régime, point de frustration, point de sport à outrance !Je vous emmène à la découverte de l'alimentation intuitive pour faire la paix avec tous les aliments et trouver son poids de forme.Nous verrons comment intégrer la pratique sportive dans notre quotidien, pour se faire du bien (sans se faire de mal).Pompon sur la cerise du gâteau, nous voguerons ensemble sur la mer du développement personnel. Amour, gloire et succès vous tendent les bras.Rien que ça !Vous venez ?",Diététique;Exercices physiques;Réalisation de soi,613.7,,,,
237195623,Le désir,"Les statues des dieux grecs ont le visage apathique, signe de leur vie divine. L'homme au contraire, parce qu'il est limité, connaît le manque, et donc désire. Mais jusqu'à quel point ? Jusqu'à la tentation de vouloir et de faire le mal ? « Le désir non suivi d'action engendre la pestilence », écrit le poète William Blake, prophète des temps nouveaux. Ne pas réaliser ses désirs, les refouler, c'est bien ce qui est devenu insupportable aux modernes.Comment est-on passé d'une condamnation du désir à sa valorisation ? Pourquoi le désir est-il devenu l'expression de nos pensées les plus secrètes",? Le désir sexuel nous définit-il vraiment ? Quel lien entre désir et vérité de soi ?,Culture générale;Désir (philosophie);Écoles de commerce,,,,,,
237314665,Casse-tête géométriques : débutant,"Comme votre corps, votre cerveau a besoin d'entraînement pour rester agile ! Mettez-le à l'épreuve avec 40 casse-tête géométriques, tout droit inspirés des calculs infernaux de Naoki Inaba, expert japonais dans le domaine. Calculez des aires, devinez des longueurs ou des largeurs... Pas de panique cependant, les consignes sont simples et les jeux sont classés du plus facile au plus difficile. Si jamais vous êtes à la peine, des indices vous donneront un coup de pouce. Alors n'hésitez plus et lancez-vous, vous allez enfin trouver les maths cool ! [Cit. 4e de couv.]	Géométrie -- Problèmes et exercices	516.220 76
237314703	 Il les créa homme et femme"" : pour un chemin de dialogue sur la question du genre dans l'éducation","Il faut promouvoir la dignité originelle de chaque homme et de chaque femme, qui ne peut être supprimé, qui ne peut être soumise à aucun pouvoir ni idéologie. Pape François",Comportement d'aide -- Aspect religieux -- Église catholique;Identité sexuelle et éducation -- Aspect religieux -- Église catholique;Relations personnel médical-patient -- Aspect religieux -- Église catholique;Théorie du care -- Aspect religieux -- Église catholique;Études sur le genre -- Aspect religieux -- Église catholique,261.835 76,,,,,
24071704X,"Campus Artem : ANMA architecte urbaniste : Lipsky + Rollet architectes, Dietrich-Untertrifaller architectes","Situé à la place des anciennes friches urbaines des casernes Molitor-Manutention, le campus Artem se pose comme un des rares campus d'excellences français. Ce projet d'envergure répond à un réel besoin en matière d'éducation et de partage de connaissances. Ce campus réussit à réunir trois grandes écoles (Ecole nationale supérieure d'art et de design de Nancy, l'ICN Business School et Mines Nancy) et un laboratoire de recherche : l'Institut Jean Lamour, chacune représentée par son propre bâtiment - et agence d'architecture -, reliées par une immense galerie, ouverture des bâtiments sur le quartier. ANMA, urbaniste et principal architecte du projet, est rejoint par les agences Dietrich "," Untertrifaller architectes, Christian Zomeno et l'équipe Lipsky+Rollet sur ce chantier d'envergure tant architectural que sociétal. (Editeur)",Campus,727,,,,,
243785151,Les utopies réalisées dans la région urbaine de Lyon,"Les 5 sites retenus dans cette étude sont : la Cité des Etats-Unis de Tony Garnier à Lyon, la Cité des Gratte-ciel à Villeurbanne de Morice Leroux, le site Le Corbusier à Firminy-vert, la Cité des étoiles de Jean Renaudie à Givors et le couvent de la Tourette à Eveux-sur-Arbresle de Le Corbusier	Politique urbaine	720
243786034	La politique des grands travaux en Indochine 1930 : les travaux publics au Cambodge et l'hydraulique agricole en Cochinchine : communication a l'académie des sciences d'outre-mer, le 21 novembre 2003	L'auteure, fille de l'ingénieur des ponts et chaussées, Henri Maux (1901-1950), raconte le parcours professionnel de son père en Indochine dans les années 1930.	Hydraulique	
243803591	Les Progymnasmata"" en pratique, de l'Antiquité à nos jours","La 4e de couv. indique : ""Les progymnasmata (exercices préparatoires de rhétorique) sont un ensemble de formes du discours considérées comme fondamentales et complémentaires : dans la liste la plus répandue (celle d'Aphthonios), ils sont au nombre de douze : la fable, le récit, la chrie, la maxime, la contestation (et la confirmation), le lieu commun, l'éloge (et le blâme), le parallèle, l'éthopée, la description, la thèse et la proposition de loi. Organisés en série progressive, complétés par des exercices d'accompagnement (lecture, audition, paraphrase...) et une large gamme de manipulations, leur apprentissage méthodique, à l'oral et à l'écrit, permettait aux adolescents de perfectionner leurs compétences linguistiques et de développer les aptitudes expressives et argumentatives nécessaires à leur vie culturelle, sociale et politique. Issus de la Grèce classique dont ils érigeaient le patrimoine littéraire en recueil de modèles, ils ont trouvé une forme relativement stable à l'époque hellénistique avant d'être transmis, adaptés et pratiqués sur plus de deux mille ans, jusqu'à l'Europe du XIXe siècle, puis d'être mis au rebut sans être remplacés. On assiste aujourd'hui à la renaissance de ce type d'enseignement des Lettres, remis au goût du jour dans divers pays à différents niveaux, scolaires ou universitaires. Le présent ouvrage s'attache à la pratique de ces exercices, envisagée d'abord sous un angle historique puis sous forme de rapports circonstanciés d'expériences contemporaines.""",Rhétorique antique;Rhétorique médiévale,808.5,,,,,
249390795,L'enseignement de la lecture fondamentale au cours préparatoire : construction des savoirs de référence d'opérateurs dans le paradigme expert/novice de la France à la RDC,"En Côte d’Ivoire, 91,7% d’échecs au CP est une donnée inacceptable dans ce monde moderne où on ne peut se passer de la lecture sans être gravement handicapé dans sa vie quotidienne. Qu’est-ce qui est à la base de ces grands taux d’échecs pour un enseignement adapté aux élèves du CP ? Le manque des savoirs de référence a été retenu comme cause. Dans ce livre, 13 savoirs de référence construits sont présentés. La méthode cognitive pour enseigner la lecture fondamentale avec pertinence est inventée, protégée par un brevet ministériel et formulée : « Des lettres vers les syllabes, les mots, les phrases enfin le texte ». Cette méthode facilite l’alphabétisation qui a dès lors un sens. Ces savoirs, expérimentés en RDC, baissent le taux d’illettrés « de 95 à 5% ».	Alphabétisation;Pédagogie	
249391198	La régression du patrimoine : études de cas en Italie et en France	Après une longue période d'extension du patrimoine vers des éléments de plus en plus diversifiés, il existe actuellement un risque de régression du patrimoine. L'absence d'anthropologues sur le terrain a entraîné la réappropriation de l'anthropologie par des militants traditionalistes qui font des traditions populaires une relecture essentialiste et conservatrice. La perspective proposée ici consiste à utiliser les politiques actuelles du patrimoine pour faire progresser l'anthropologie, plutôt que de simplement accuser ces politiques d'être une force régressive.	Patrimoine culturel;Patrimoine culturel	363.69
249391295	La boîte à outils du freelance : 60 outils clés en main + 4 compléments en ligne + 1 outil spécial Redémarrer après la crise""","Longtemps réservé aux domaines des médias, de l’informatique, de la formation et du conseil, le travail en freelance se généralise à tous les secteurs d’activité. Qu'est-ce qu'être freelance ? Est-ce fait pour vous ? Comment définir son identité professionnelle, son offre, trouver ses clients ? Comment gérer la grande liberté mais aussi l'incertitude qu'être freelance génère ? Ce livre présente tous les outils et méthodes spécifiques à ceux qui souhaitent travailler en freelance mais aussi à ceux qui ont déjà fait le grand saut.",Entreprises individuelles -- Gestion;Travailleurs indépendants,658.041,,,,,
250666332,Arabie saoudite des origines au XXIe siècle,"Arabie Heureuse pour les uns, royaume de tous les rigorismes pour les autres, il est au coeur de la Péninsule Arabique un territoire de sable, grand comme quatre fois la France, qui nourrit abondamment nos fantasmes. Cet ouvrage a pour ambition de redonner place à la raison, de dessiner une image plus précise, moins passionnelle, d'un pays excessivement méconnu. Pour nous y aider, voici un précieux vade-mecum d'analyses historiques, religieuses, sociologiques et politiques, fruit d'une décennie de travail, de réflexions et d'enquêtes de terrain, indispensables pour distinguer les « djihadistes » des « salafistes », les tribus bédouines des princes saoudiens, les fortunes et ambitions des uns et des autres et mieux comprendre les moeurs locales. Cette nouvelle édition est actualisée et enrichie des toutes les données économiques, sociales, politiques et culturelles disponibles en cette fin d'année 2019.''	Islam -- Histoire;Politique et gouvernement -- Histoire	953.8
250666545	Olia Lialina : Net artist : [exposition à l'Espace multimédia Gantner : Olia Lialina, Something for everyone"", du 12 septembre au 22 novembre 2020]","Cette première monographie de l'artiste internationale pionnière du net art permet de (re)découvrir cette pratique artistique toujours contemporaine, nous invitant à plonger dans les spécificités du médium internet (flux, URL, protocoles, etc.), et esquissant une archéologie des médias",Net art,,,,,,
250857049,Une  journée pourrie au paradis des truites : récits,"La contemplation des rivières inspire à John Gierach bien plus qu'une belle description de paysages émaillée de secrets de pêche à la mouche. À sa manière sensible et personnelle, il donne vie aux moments et aux choses. Il capture l'essence d'expériences anodines avec l'esprit, le détachement et l'humour d'un sage oriental. Pour un pêcheur, l'oeuvre de Gierach est un pur régal. Pour un non-pêcheur, elle est une réflexion sur notre place dans le monde, qu'on se trouve en pleine nature sauvage ou bien installé dans son fauteuil.	Pêche à la mouche	799.124 092
250857081	Les  nouveaux Robinsons : l'aventure au grand air	LES NOUVEAUX ROBINSONSL'aventure au grand airFan d'outdoor, de voyages et de photographies,  embarquez pour des aventures au grand air !Que ce soit l'air frais, la beauté brute d'un  paysage, une rencontre qui change la vie, la nature  sauvage inspire ces Nouveaux Robinsons,  qui considèrent le grand air comme leur deuxième  maison.Cycliste dans les montagnes islandaises,  bloggeuse surfeuse féministe, berger de  ville, observateur  d'oiseaux, chef cuisinant dans la  forêt, plongeur sous la glace ou bien encore créatif  développant une marque éthique ou reconversion  d'un vigneron dans la fabrication de canoë  en bois : ces aventuriers et esprits libres dévoilent  leurs récits au long cours, célèbrant la créativité  en plein air et invitant chacun à trouver sa propreaventure, « son propre pôle Nord ».Prenez votre sac à dos et sortez de chez vous,  le temps est venu de s'inspirer pour vivre une vie  moins ordinaire à ciel ouvert. 	Loisirs de plein air	796.509 22
25085709X	Prie comme tu respires : la vie comme liberté	« L'acquisition du Royaume consiste, dans un premier temps du moins, à conquérir un lieu qui est en moi et que je ne connais pas parce que je n'y suis pas. En entrant en moi-même, en rejoignant le Christ qui m'y attend, je vais arriver dans ce centre de moi-même, qu'on appelle le coeur, et là je trouverai le Royaume en germe par l'Incarnation. Et l'ayant trouvé, le cultivant, je le verrai se développer et devenir ce grand arbre dont parle le saint Évangile, „dans lequel nichent tous les oiseaux du ciel”. Quand nous avons compris que l'essentiel est la conquête de ce Royaume, seul remède à nos souffrances, aux souffrances des autres hommes, et à celles de l'ensemble de la Création, alors nous pouvons commencer à faire quelque chose d'utile sur terre. Tant que nous ne nous occupons pas de cela, nous perdons notre temps. »	Prière -- Église orthodoxe	248.32
250857227	Les bâtisseurs du sacré : des mégalithes aux édifices religieux	À une vingtaine de kilomètres au sud de Lyon, le Plateau Mornantais affiche une concentration de menhirs faisant de ce secteur géographique l'un des principaux sites mégalithiques du département du Rhône. Pourtant, et malgré le seul et unique dolmen de Mornant, toutes ces pierres qui émergent du sol n'ont jamais attiré l'attention des scientifiques : ce sont les mégalithes oubliés du Sud Lyonnais. La Déesse Mère de Mornant est l'un de ceux-ci. Elle est la Pierre Angulaire, celle qui cadre le paysage, celle à partir de laquelle rayonnent tous les autres, celle qui crée l'espace sacré. Au-delà de ces considérations mythologiques, Eric CHARPENTIER vous invite à découvrir les secrets d'une Science de l'arpentage multimillénaire. Un art majeur des Bâtisseurs du Sacré, qui positionne non seulement les mégalithes les uns par rapport aux autres, mais où les édifices religieux entrent également en scène. Cette Science des Bâtisseurs du Sacré est comparable à celle que l'on trouve inscrite dans les plus grands sites mégalithiques connus au monde, tels Carnac en France, Stonehenge en Angleterre, New Grange en Irlande, Khéops en Egypte, etc.	Architecture et religion;Mégalithes	930.109 44582
250857235	La  folle sagesse de la yogini : intensité et sagesse du désir	Enfin la suite de Tantra, la dimension sacrée de l'érotisme. « J'avais trente ans quand j'ai rencontré mon maître cachemirien, la yogini Lalita Devi. Il m'a fallu vingt ans pour me résoudre à communiquer la première partie de ses enseignements dans mon livre Tantra, la dimension sacrée de l'érotisme. Ce livre a eu un retentissement inattendu, traduit en 15 langues, il a permis aux adeptes d'un tantra occidental ignorant des sources et cherchant la facilité sexuelle de réaliser qu'il y avait une tradition d'une profondeur inégalée qui n'avait rien à voir avec les clichés occidentaux répandus sous l'appellation “tantra”. Aujourd'hui enfin, je peux transmettre la totalité des précieux enseignements de Lalita Devi. » Daniel Odier a été le disciple de Kalou Rinpoché puis de la yogini cachemirienne Lalita Devi qui lui a transmis les voies Spanda et Pratyabhijna du tantrisme du Cachemire dans la voie Kaula, enseignement de la Folle Sagesse qu'il transmet à son tour dans le monde entier. Il a été reconnu comme maître Chan dans la lignée de Zhao Zhou par Jing Hui, successeur de Xu Yun. Ses livres sur le tantrisme et le Chan sont traduits en quinze langues.	Mystique -- Bouddhisme tantrique;Transmission spirituelle -- Bouddhisme tantrique	294.392 5
250857243	Ils nous font chanter ! : 50 stars de la scène française	Fa-si-la dire, moins fa-si-la faire : la chanson qui atteint le sommet des hits est parfois plus ardue a` e´crire que le toit du monde a` gravir. Parce qu'un chanteur, c'est aussi une gueule, cet album donne a` voir la chanson d'aujourd'hui, croque´e avec humour par Gervais Loock et pre´sente´e d'une plume mordante par Albert Algoud. Cinquante artistes ou groupes, re´unis par grandes familles : « sacre´s enfoire´s », « les pe´pites de The Voice », « Johnny et ses compositeurs », « les cai¨ds de la street music », « la nouvelle sce`ne franc¸aise »…	Chanteurs	782.421 64092244
250857308	Chercher sa route, trouver son chemin	Nous voulons tous donner du sens à notre vie et nous épanouir. Mais, souvent, la route est encombrée d'obstacles qui semblent impossibles à surmonter. Alors, comment choisir la bonne direction et trouver les moyens d'avancer  ?Dans ce livre, l'auteur nous accompagne pour reprendre confiance en soi, dépasser les blocages et progresser vers vos objectifs. Grâce à des conseils et une méthode pratique, vous apprendrez à concrétiser vos projets et atteindre votre plein potentiel, étape par étape.L'essentiel est d'accepter que votre vie n'est pas un voyage linéaire, que les changements de direction sont positifs. En osant le changement, en s'adaptant, chacun peut transformer sa vie et trouver sa propre voie. Un chemin qui vous rendra heureux parce que vous l'avez choisie  ! 	Confiance en soi;Réalisation de soi	158.1
250857324	Les  5 temples : réveillez votre puissance intérieure	Dans une société lancée à toute vitesse, beaucoup d'entre nous ont la sensation de retenir leur respiration du matin au soir. Ces longues apnées stressent notre corps, que nous n'écoutons plus. Pour respirer à nouveau et reprendre le pouvoir sur soi, la clé est à chercher dans ce corps qui est le nôtre : en prendre soin, collaborer avec lui et entendre ce qu'il cherche à nous dire. Conscient du ralentissement nécessaire de nos sociétés et des bouleversements à venir, Timothy Mirthil cherche dans la pratique de la respiration une transformation de soi pour accompagner et mieux vivre notre monde. S'inspirant de la méthode Ethos Flow, qui lie la respiration, le mouvement et la visualisation, l'auteur nous propose des exercices pour pénétrer les cinq temples que sont notre cerveau, notre cœur, notre ventre, notre sexe et notre respiration, pour retrouver enfin nos forces vitales : apprendre à respirer sans la tête pour ne plus laisser le cerveau nous commander ; prendre le temps de respirer la main sur le cœur pour écouter et accueillir ce qu'il nous dit ; équilibrer sa présence au monde en pratiquant la respiration de la grande colonne ou en massant ses organes du ventre ; pratiquer les bains froids ou la respiration du périnée pour accumuler une énergie qui nous est encore inconnue... Ce livre est une invitation à l'action. Il vous apprendra à cheminer au quotidien vers votre être profond et à développer une véritable écologie corporelle, source de puissance et d'émancipation, pour trouver votre juste place dans ce monde mouvant. Une approche simple et intime de l'éveil à soi pour se préparer au monde qui vient.	Force vitale -- Emploi en thérapeutique;Kinésithérapie respiratoire	615.836
250857340	Les  formidables : cent histoires vraies qui donnent des ailes	Ils sont écrivains, comédiens, écologistes, soignants, gardiens d'immeuble, boulangers, ou simples passants. De toutes les nationalités, de toutes les religions, tous ont eu la même volonté de changer le monde autour d'eux et de croire en la solidarité et la tolérance. Ce beau livre magnifiquement illustré rassemble leurs histoires inspirantes !	Célébrités;Héros (personnes)	920.008 3
250857367	Après : quand l'au-delà nous fait signe	Plus d'un quart des personnes en deuil font l'expérience de formes diverses de communication spontanées après la mort d'un proche. Signes, messages, apparitions... il ne s'agit pas d'anecdotes rares ou suspectes, mais d'une réalité quotidienne et indiscutable vécue par plus de deux cent mille personnes par an, rien qu'en France. Il n'est pas possible de réduire une telle quantité de témoignages à de simples hallucinations.Après Le Test, ces récits constituent une nouvelle preuve que la vie se poursuit après la mort. Les écouter permet de comprendre quelle forme prendra cette existence. Où se trouvent nos proches défunts ? Que font-ils ? Qu'advient-il au moment de la mort ? Peut-on s'y préparer ? Il est désormais possible de répondre à ces interrogations pressantes. À travers ces incroyables témoignages, je vous propose de découvrir ce qu'il advient après…On demande des preuves, elles sont devant nos yeux.S.A.Les témoignages d'expériences époustouflantes qui opèrent une percée lumineuse dans le brouillard de nos questionnements fondamentaux. Femme actuelle.	Immortalité;Spiritisme	133.901 3
250857391	Mes premières pierres de soin : ma petite lithothérapie	Découvrez le pouvoir des pierres avec ce magnifique coffret ! Ce coffret d'initiation à la lithothérapie contient : 5 pierres polies : cristal de roche, obsidienne, fluorite, rhodonite et cornaline ; 1 guide de 160 pages pour vous expliquer toutes les bases de la lithothérapie (les grands principes, les différents types de cristaux, le nettoyage et la purification des pierres...) et vous faire découvrir tous bienfaits émotionnels et physiques grâce à 40 fiches illustrées.	Minéraux -- Aspect parapsychique;Minéraux en thérapeutique	133.255 3
250857421	Mon joli salon de thé : tea time !	Découvrez dans ce coffret :Une jolie théière avec sa tasse assortie  en céramique, gravée d'une citation pour se souvenir que le thé est un moment de plaisir et de détente.Un livre retraçant les origines et les plus grandes traditions d'art de vivre du thé,  de la Chine en passant par l'Angleterre ou l'Inde. Vous apprendrez ses secrets de fabrication et de dégustation selon les variétés et pourrez savourer des recettes inédites : thé aux huit trésors des Miao, salade de thé vert au jasmin, parfait Earl Grey à la bergamote…Have a tea break and enjoy !	Thé	641.337 2
250857448	Je fais mes produits de beauté : le kit pour faire ses cosmétiques avec 100% de produits naturels	Crème, lotion, déodorant, démaquillant… Il est possible de fabriquer soi-même ses produits de beauté du quotidien et avec des ingrédients 100 % naturels.  À découvrir dans ce coffret  :  • 3  flacons en verre (de 80 et 200 ml) avec leurs bouchons  pour y conserver les crèmes et lotions en toute sécurité.• 1 roll-on en verre  pour une meilleure application du produit.•  1 spray,  idéal pour les préparations liquides.• 3 cuillères doseurs  de différentes contenances et  un mini-fouet en inox,adaptés à la préparation de cosmétiques.  • Un livre de 48 pages proposant des recettes simples avec des ingrédients naturels, peu coûteux et faciles à trouver pour vous faire une beauté de la tête aux pieds  : dentifrice, baume lavant, masque régénérant, savon, sérum… 	Biocosmétiques	646.72
250857472	L' ère des comics Marvel : 1961-1978	Bienvenue dans l'ère des comics Marvel, glorieuse époque d'innovations dans la bande dessinée et la culture pop qui ont redéfini le genre des super-héros. Ce trésor de livre, rempli de témoignages et d'images, dévoile les coulisses de la fabrication de héros transgénérationnels comme Hulk ou Spider-Man, ainsi que les artistes de légende qui leur ont donné corps, de Stan Lee à Jack Kirby.	Super-héros	741.569 73
250857499	Ai Weiwei	Autant fondée sur ses prises de position politiques et son activité sur les réseaux sociaux que sur ses interventions dans l'espace public, son approche contemporaine du « ready-made » et sa familiarité avec l'artisanat traditionnel chinois, la renommée d'Ai Weiwei dépasse largement le monde de l'art. Cette monographie explore toutes les étapes de sa carrière jusqu'à sa libération des geôles chinoises.	Artistes exilés	709.2
250857502	Les  ponts romains"" de la Bidouze","Saint-palaisienne, Anne Broitman a suivi des cours d'arts plastiques à l'Académie de Dibujo de Madrid et à l'école des Beaux-Arts de Bayonne. Après avoir investi plusieurs champs d'action dans sa peinture : dripping, non-figuratif, collages-pastels, son amour de la nature l'engage le long des cours d'eau de la Bidouze et de la Joyeuse. Elle découvre les ponts « romains » et c'est naturellement qu'elle commencera à les peindre. Sa curiosité l'entraînera toujours plus loin, du pays de Mixe jusqu'à l'Ostabarret. Cet ensemble d'huiles sur toile nous laisse un témoignage unique de ces vestiges du passé. Il constitue également une magnifique invitation à la flânerie le long de ces rivières, qui rappellent à nombre d'entre nous les parties de pêche et les baignades de notre enfance.",Ponts en arc,725.980 94471,,,,,
25334929X,Femmes noires francophones : une réflexion sur le patriarcat et le racisme aux XXe-XXIe siècles,,"a Sous l'égide symbolique du soixantenaire des Indépendances Africaines, Femmes Noires Contemporaines livre une réflexion subsaharienne sur le patriarcat et le sexisme aux XXe-XXIe siècles. L'ouvrage, fort de nombreux témoignages récents de femmes, est nourri par des questionnements, des enjeux et des interpellations collectives liées à une époque où, sans plus déléguer leur parole à des intermédiaires ou des médiateurs, les femmes ont désormais leur mot à dire sur des questions qui les concernent directement. Parler de LA femme noire et africaine, c'est révéler l'histoire de ces innombrables vies contraintes et de ces voix réduites au silence, de ces ferveurs et ces rêves étouffés, de ces existences confinées, délimitées par des frontières imposées. L'auteure dresse ici le portrait de cette femme, reléguée dans un ghetto hors du temps, à qui le racisme et le patriarcat contestent le droit à la parole, à qui on dénie le droit élémentaire et légitime de parler en son nom propre.",Noires;Noires;Racisme;Racisme;Sexisme,,,,,,
254241948,Les incomprises,,"a Marilyn Monroe, Françoise Giroud, Amy Winehouse, Niki de Saint Phalle, Adèle Hugo, Emily Dickinson... les incomprises sont de partout, de toujours. Elles ont le goßt du rêve, de l'impossible, de l'absolu. Ces femmes libres fréquentent la folie et la mort. Les mots qu'elles rapportent de ces régions dangereuses nous rappellent que la vie est une lutte et l'intimité, un trésor. Soeurs de solitude, en marge d'un monde qui ne leur fait pas de place, elles forment ensemble, à travers le temps, la famille secrète des Incomprises.",Actrices de cinéma;Chanteuses;Femmes -- Conditions sociales;Femmes artistes;Femmes écrivains,,,,,,
254793835,Femmes criminelles de France,,"a LE CRIME AU FEMININ est plus rare que le crime au masculin, il n'en est pas moins une réalité. A travers plus d'une vingtaine de destins féminins tous différents les uns des autres, les auteurs, Serge Cosseron et Jean-Marc Loubier, abordent les facettes diverses de cet objet historique fascinant : les unes jalouses, d'autres battues, les unes dominatrices, d'autres soumises, toutes ces femmes plongent dans le crime selon une trajectoire personnelle, dans l'absence d'un ""milieu du crime"" féminin.",Meurtrières,,,,,,
255067364,"Mériadeck, Les Aubiers, hameau de Nouailles, Pontet Lamartine : enjeux d'un patrimoine d'habitat moderne dans la ville durable : une synthèse du projet de recherche REDIVIDUS des laboratoires PAVE et GRECCAU (ENSAPBx) : ""les mouvements modernes rattrapés par la marche du durable : leçons, adaptations et invention des lieux du quotidien. Bordeaux-France ", Cincinnati-Etats-Unis,"Ce livret restitue les principaux résultats obtenus sur les quatre sites bordelais. Il a pour objectif de partager les perceptions et interrogations de leurs acteurs - habitants, gestionnaires, spécialistes - pour favoriser les échanges avec d'autres quartiers qui partagent les mêmes enjeux. Ce livret est issu d'une recherche menée de 2016 à 2018 sur les quartiers et immeubles de logements des années 1970 dans l'agglomération bordelaise et à Cincinnati (Ohio, USA), le projet REDIVIDUS. L'objectif était d'analyser les problèmatiques spécifiques à leur transformation, à leur réhabilitation et intégration urbaine, au regard des exigences de la villes durable.""",Démocratie participative;Urbanisme durable,,,,,,
255339593,Délivrer et contrôler les autorisations d'urbanisme,"L’ouvrage Délivrer et contrôler les autorisations d’urbanisme constitue un outil inspiré de la pratique de ses auteurs, membres du cabinet Rivière ", Avocats ," Associés, et a vocation à accompagner le lecteur dans l’identification de solutions opérationnelles auxquelles il serait confronté, dès le dépôt de la demande d’autorisation d’urbanisme et jusqu’à l’achèvement de la construction et de l’aménagement, en passant par l’instruction et la délivrance de l’acte administratif. L’ouvrage s’adresse aux personnels des services déconcentrés et décentralisés en charge d’instruire, de délivrer puis de s’assurer de l’exécution régulière des autorisations. Pratique et pédagogique, il intéressera également les professionnels de l’immobilier. (directions juridiques de bailleurs sociaux, d'entreprises de promotion immobilière et d'aménagement ainsi que de foncières)",Droit de l'urbanisme,,,,,
255463820,Détecter et aider les élèves DYS : outils inspirants pour un accompagnement réussi ! : cycles 1 à 3,"Entre théorie et outils pratiques pour la classe, ce livre vous permettra de comprendre les différents troubles DYS et de créer ou adapter vos ressources au cas par cas. Tous les troubles DYS y sont abordés pour permettre une vue d'ensemble : La dyslexie. Trouble spécifique de la lecture ; La dysorthographie. Trouble spécifique de l'orthographe ; La dyscalculie. Trouble spécifique des mathématiques ; La dysphasie. Trouble développemental du langage oral ; La dyspraxie. Trouble du geste et de la coordination ; La dysgraphie. Trouble spécifique de l'écriture ; Le syndrome dysexécutif. Trouble spécifique des fonctions exécutives. Chaque chapitre propose une structure récurrente pour un repérage facile des outils et des questions utiles à se poser : Comprendre le trouble : aspects théoriques, signaux d'alerte, observations des parents... ; Le trouble en classe : exemples de difficultés en classe, que peut faire l'enseignant, cas pratiques, fiches pratiques, regards croisés avec un professionnel... Ce livre propose également de nombreuses rubriques complémentaires pour avoir toutes les informations indispensables : Info/Intox ; Les prérequis essentiels à maîtriser ; Les dispositifs officiels d'aide et de soutien ; La boîte à outils	Dysgraphie;Dyslexie;Dysorthographie;Dyspraxie;Enfants en difficulté d'apprentissage;Orthophonie en milieu scolaire;Programmes d'aide aux élèves en difficulté;Psychologie de l'apprentissage;Pédagogie;Troubles de l'apprentissage	
255464312	Et le désir devient danse : chemins de chorégraphes	Ce livre présente les chemins qu’ont suivis huit chorégraphes pour écrire leurs œuvres ; il met en lumière les étapes et les procédés qui leur sont communs mais aussi leurs manières de faire plus personnelles, leurs façons d’improviser ou de faire improviser, entre autres. L’ouvrage relate ce que créer veut dire pour ces chorégraphes en décrivant les actions, les ressources, les méthodes, les procédures qu’ils utilisent ; il rend compte de leurs choix esthétiques ; il s’intéresse aux traces qu’ils fabriquent pour se souvenir des idées et des formes qu’ils inventent tout au long du travail. Bien que le mystère de la création artistique échappe à l’analyse, comme il échappe sans doute partiellement aux artistes eux-mêmes, ce livre soulève un peu le voile de l’inspiration et de l’alchimie qui prévalent à l’écriture d’une chorégraphie. Les enseignants d’EPS qui, selon les programmes, doivent « engager leurs élèves dans un processus de création », trouveront certainement dans ces pages des méthodes, des outils, des postures et des règles qui les aideront à bien le faire.	Chorégraphes;Chorégraphie;Danse -- Étude et enseignement	
255464797	Mes petites recettes magiques anti-arthrose	Plus de 10 millions de Français souffrent d'arthrose, une maladie due à l'usure prématurée des tissus articulaires. Une fois abîmés, impossible de les régénérer donc il faut trouver des moyens de soulager la gêne et les douleurs grâce à de bons réflexes naturels, afin de limiter au maximum la prise trop régulière d'anti-inflammatoires. Dans ce livre aussi complet que pratique, vous trouverez les meilleurs ingrédients pour soulager l'arthrose et 100 recettes magiques anti-arthrose faciles et rapides à réaliser !	Arthrose;Diétothérapie	
255465017	Espaces de socialisation extrafamiliale dans la petite enfance : [actes du colloque interdisciplinaire international Bébé, petite enfance en contextes"" tenu à l'université fédérale de Toulouse Midi-Pyrénées du 15 au 17 mai 2019]","Cet ouvrage interdisciplinaire rend compte de l'état de la recherche sur la place et le rôle des socialisations extra- familiales au coeur du développement des jeunes enfants. Les auteurs montrent que les différentes instances de socialisation - familles, structures d'accueil de la petite enfance, institutions scolaires, etc. - n'ont ni les mêmes rôles, normes, valeurs, ni les mêmes fonctions, objectifs et projets éducatifs. Ainsi, les jeunes enfants font l'expérience de modes de socialisation pluriels, aux objectifs éducatifs plus ou moins convergents ou divergents. Ils doivent intégrer des expériences contrastées pour se développer dans un ensemble cohérent et compréhensible. Cette tâche peut se révéler plus difficile pour certains que pour d'autres. Les recherches abordent, de manière différente selon leur point de vue disciplinaire et les terrains investis, les questions centrales que posent les instances de socialisation extrafamiliales marquées par des inégalités sociales, économiques, territoriales, culturelles ou encore genrées. Elles ouvrent sur l'analyse de dispositifs spécifiques à penser et à co-construire en protection de l'enfance.",Classes sociales;Disparités régionales;Inégalité sociale;Petite enfance;Socialisation,,,,,,
255479859,L'intégrale IELTS,"L'IELTS est l'un des tests d'anglais les plus prisés pour les études à l'étranger ou pour s'installer à l'international. Il est passé chaque année par plus de 3,5 millions de candidats à travers le monde et est reconnu par plus de 10 000 organisations. Maximisez votre score avec notre méthode d'entraînement. Préparation : décryptage du test, conseils pour déjouer les pièges et optimiser votre score, explication des conditions de passation des deux versions du test, IELTS General Training et IELTS Academic. Entraînement progressif aux 4 parties du test (Reading, Listening, Speaking, Writing) pour les deux versions du test, IELTS General Training et IELTS Academic : exercices et astuces. Possibilité de travailler votre oral avec des exemples de réponses enregistrées pour la partie Speaking et les scripts correspondants. Boost your focus : améliorez votre concentration et votre rapidité grâce aux tests fractionnés. 1 Test blanc :  Test Academic complet pour vous entraîner au format de l'épreuve et consolider votre préparation. Vocabulaire : apprentissage intensif et ludique à travers 30 thèmes clés : comptabilité, art, éducation, santé, économie, sport, famille, etc. Tous les audios en accès direct et téléchargeables en mp3 sur le site... [de l'éditeur]	Anglais (langue) -- Tests d'aptitude;International English Language Testing System	
255479883	Maison et immeuble à ossature bois : conception, construction, entretien, maintenance	Écologiques, faciles et rapides à monter, les bâtiments à ossature bois, qu’il s’agisse de maisons individuelles (MOB), de lotissements, d’immeubles ou d’extensions-surélévations, présentent de nombreux avantages : durables, résistants au feu, ils bénéficient d’une bonne isolation thermique et acoustique. Ils suscitent un fort engouement : une maison individuelle construite sur dix est une MOB ! Cet ouvrage réunit, sous forme de fiches abondamment illustrées (plans, coupes, élévations, détails techniques), toutes les prescriptions techniques relatives à la conception et à la construction de maisons et immeubles à ossature bois. De l’assemblage des premiers éléments à la livraison, il décrit leur mise en œuvre, dans le respect de la réglementation, des normes et des DTU. Cette 2e édition tient compte de la nouvelle version du DTU 31.2 parue en mai 2019 et explique la superposition des parois verticales pour la création de bâtiments à étages. Ainsi, ce guide détaille de façon didactique : le choix des types de bois, des essences et les traitements adéquats ; les techniques d’assemblage (plateforme, poteaux-poutres…), l’ancrage dans le gros œuvre, le contreventement… ; les conditions de  mise en œuvre d’une isolation acoustique et thermique adaptée ; les points de vigilance (liaisons, étanchéité…), de la conception jusqu’à la maintenance et à l’évolution de la structure ; les règles d’accessibilité et de sécurité à respecter.Ouvrage de référence pour les professionnels (maîtres d’ouvrage, architectes, ingénieurs et techniciens des BET, promoteurs, acteurs de la filière bois, diagnostiqueurs…), ce guide présente les principes de conception et toutes les notions techniques nécessaires pour élaborer et réaliser un projet pas à pas.	Constructions à ossature de bois -- Conception et construction;Constructions à ossature de bois -- Entretien et réparations	694
255480296	Ring circus	Pour avoir arrêté un chameau en fuite, Jerold, ex-vendeur de redingotes, gagne deux places pour le Ring Circus... Un regard à l'écuyère vedette du spectacle, et le voilà fou amoureux ! Apprenant que grâce à l'offre providentielle d'un mystérieux Homme en blanc, le cirque va bientôt partir pour la Ruskovie, l'amoureux transi et son ami Anthonin se glissent discrètement dans une roulotte. Rapidement découvert, ils parviennent toutefois à se faire embaucher par le directeur. Le voyage et l'aventure commence ...	Cirque -- Dans les bandes dessinées	
25548030X	La grammaire anglaise en 10 étapes : cours + exercices	Tous les rappels linguistiques nécessaires à la maîtrise de la grammaire en anglais, avec un exercice corrigé à chaque étape ainsi qu'un test d'autoévaluation	Anglais (langue) -- Grammaire	
255480431	Comparer l'incomparable : Naissance d'une nation"" et ""Le Juif Süss""","L’écriture de ce livre s’agence autour du rapprochement entre deux des films les plus célèbres de l’histoire du cinéma mondial – Naissance d’une nation de D. W. Griffith (1915) et Le Juif Süss (1940) de Veit Harlan. Les facteurs qui tendent dans l’esprit du public et de la critique à dissocier ces deux films sont si puissants que le premier n’a jamais cessé d’être réputé comme un chef d’œuvre absolu et associé à la naissance même du cinéma états-unien, tandis que le second, tout aussi continûment, depuis la fin de la Seconde Guerre mondiale, est désigné comme un objet criminel, ceci au point que sa diffusion se trouve soumise aux plus rigoureuses restrictions. Et pourtant : deux films promouvant sans détour l’idéologie suprémaciste blanche, deux films dans lesquels la mise au ban de la race inférieure (les Noirs dans l’un, les Juifs dans l’autre) est présentée comme la condition de la survie et du rétablissement de l’intégrité de la race supérieure (blanche, aryenne), deux films obsédés par le motif du mélange des sangs et des espèces humaines, deux films violemment mixophobes, hantés par des images de viol – dans l’un comme l’autre, l’inférieur racial est un vibrion lubrique, entièrement adonné à son désir de la jeune femme aryenne innocente et pure. Une même matrice fantasmatique parcourt ces deux films – celle qui agence le désir de mort de l’autre assigné à sa race dégénérée sur la hantise du mélange des sangs, du métissage racial et culturel.","Analyse filmique;Antisémitisme -- Au cinéma;Cinéma -- Thèmes, motifs;Idéologie et cinéma;Mouvements pour la suprématie blanche -- Au cinéma;Racisme -- Au cinéma",791.437 5,,,,,
256622175,Apprendre la langue,"L’apprentissage de la langue est perçu comme difficile par ses acteurs, enseignants et élèves. De nombreuses questions se posent, que ravivent les dernières instructions pour le lycée. De quelle langue parle-t-on ? De la langue normée, celle des programmes d’enseignement de la maternelle au lycée ? Ou de celle, sans cesse renouvelée, qui varie selon de multiples usages ? Et comment l’enseigne-t-on ? La question renvoie notamment à celle du métalangage ; le numéro fait le point sur cette croyance selon laquelle c’est en maitrisant le métalangage savant que les élèves sauront (mieux) écrire. Finalement, au rebours de prescriptions qui dissocient langue et sens, c’est la nécessité de les travailler conjointement qui est ici affirmée.(Source : 4e de couverture)	Métalangage	
256622922	La remplaçante	Marketa et Clovis, amoureux fous, attendent un bébé. Mais l'accouchement signe la fin du conte de fées. La naissance de Zoé ne s'est pas passée comme Marketa l'imaginait, et l'instinct maternel tarde à se manifester. Tandis qu'elle ne reconnaît plus son corps, Marketa se sent perdre pied face à ce bébé si vulnérable dont elle a désormais la responsabilité. Réussira-t-elle à se sentir mère ? à aimer son bébé ? à cesser de penser qu'une remplaçante ferait mieux qu'elle ?	Dépression du post-partum	
256623244	Les chemins du Tro Breizh® : de Tréguier à Saint-Brieuc : faire le Tour de Bretagne"" à pied avec Mon Tro Breizh®","Le Breizh ma Bro®, c’est le Guide Officiel du Tro Breizh® avec Mon Tro Breizh® ! Hieck, Klervie et Ollig vous accompagnent en vous proposant plus de 30 cartes au 1/25 000, les kilométrages indispensables pour préparer vos étapes, des itinéraires détaillés, des notices historiques rigolotes, des anecdotes locales, des contes et des légendes à profusion. Tout ce qu’il y a sur et à proximité du Hent (itinéraire principal) et des Ribin (variantes)...pour marcher intelligent ! Le Breizh ma Bro®, difficile de faire sans, on se l’arrache sur le Tro Breizh® !",Randonnée pédestre;Tro Breiz,,,,,,
256890730,La plus belle couleur du monde,"Comment lui faire comprendre que c'est elle ? Rucheng est en 3e2, c'est la classe avec l'option beaux-arts. À part le dessin et les cartes à collectionner, il n'est intéressé que par une chose : attirer l'attention de Yun. Une élève brillante qui, en plus d'être assez mignonne, maîtrise parfaitement le dessin et les couleurs. Rucheng aime bien Yun. Elle est douce et talentueuse. Mais il se demande parfois s'il ne se passe pas quelque chose entre elle et le beau gosse de la classe, Wen Jun. Il faut dire qu'il a tout pour plaire : il est grand, ses parents sont riches et lui rapportent tous les gadgets dernier cri du Japon, il est bon en sport et il arrive même à se débrouiller en dessin. Tous les trois voudraient d'ailleurs pouvoir entrer à l'Académie des Beaux-Arts l'année prochaine. Les places sont limitées et il faudra redoubler d'efforts. Mais même en se donnant à fond, on ne peut empêcher les coups du sort. La vie est faite d'aléas, de hasard, tout arrive et parfois, le talent et le travail ne suffisent pas pour réaliser ses rêves.Dans La Plus Belle Couleur du Monde, Golo Zhao dessine et raconte, aidé d'un sens raffiné de la dramaturgie, le quotidien simple et doux-amer d'un jeune garçon chinois des années 1990 qui cherche à comprendre sa place dans le monde. Long et tendre zoom consacré à cette époque si particulière de nos existences, ce roman graphique coloré de près de 600 pages se dévore avec la fraîcheur de l'adolescence qu'il dépeint.'	Adolescence;Dessinateurs de bandes dessinées;Élèves	
256900272	Les volcans : origines, caractéristiques, fonctionnements	Même si les volcans ont aujourd'hui dévoilé une grande partie de leurs secrets, ils n'en demeurent pas moins encore bien mystérieux et fascinants ! Grâce à ce guide, tu vas découvrir les caractéristiques des volcans, leurs différents fonctionnements, leurs origines, les conséquences de leurs éruption... Tu pourras même fabriquer ton propre volcan miniature ! 33 volcans, tous plus étonnants les uns que les autres, te sont ensuite présentés : Cotopaxi, mont Erebus, Etna, Eyjafjöll, Hekla, lac Pavin, mont Fuji, mont Olympe, piton de la Fournaise, puy de Dôme, Vésuve... Tu apprendras à cette occasion que des volcans existent ailleurs que sur Terre !	Volcanisme;Volcanologie;Éruptions volcaniques	
256900744	Pesticides et effets sur la santé : nouvelles données	Largement utilisés depuis plusieurs décennies, principalement dans le secteur agricole, les pesticides font l’objet de nombreuses études sur les liens entre l’exposition des populations et les effets sur la santé, et ils suscitent toujours autant d’inquiétude, les pathologies suspectées et les populations exposées étant multiples (agriculteurs, consommateurs des produits traités, riverains des parcelles agricoles...). L’expertise dresse un bilan actualisé des connaissancessur les troubles du développement neuropsychologique et moteur de l'enfant, des pathologies neurologiques de l'adulte, et des pathologies cancéreuses de l'enfant et de l'adulte. La santé respiratoire, les pathologies thyroïdiennes et l’endométriose ont été également abordées et viennent enrichir cette nouvelle version de l'expertise. Elle présente aussi l'analyse des données sur deux substances actives et une famille de pesticides : le glyphosate, le chlordécone et les fongicides inhibiteurs de la succinate déshydrogénase	Pesticides -- Risques pour la santé	577
256901279	Au coeur des religions : comprendre le monde des religions pour comprendre les religions du monde	Malgré l'annonce de la mort de dieu et du désenchantement du monde, les religions font toujours partie de notre quotidien et sûrement bien plus qu'on ne l'imagine au premier abord. Néanmoins, il n'est pas toujours facile de répondre à la question: Qu'est-ce que la religion ? Pourquoi semble-t-elle avoir une telle importance ? Ne pourrait-on pas s'en débarrasser ? Le mot religion est-il synonyme de croyance, de spiritualité ou même de superstition ? Pourquoi les religions semblent si souvent liées aux États et à la guerre ? Quels sont les liens entre religion et économie et pourquoi sont-ils plus étroits qu'on pourrait le penser ? C'est à ces questions que cet ouvrage cherche à répondre en s'appuyant sur l'étymologie et l'histoire, en explorant tous les aspects des religions, des symboles aux mythes, du sacré à la hiérarchie jusqu'aux nations et aux empires.	Philosophie de la religion;Religion;Religion et civilisation	210
256901635	L'Égaré"" : l'Atlantique en radeau","L'histoire méconnue d'une incroyable aventure humaine : la première traversée de l'Atlantique Nord en radeau.Neuf grands troncs de cèdre rouge, 1830 mètres de corde en chanvre, une voile, un sextant, un vieux poste radio militaire… C'est à bord d'un radeau de fortune qu'Henri Beaudout, ancien résistant français ayant immigré au Canada après la guerre, embarque trois autres compères dans une aventure incroyable. Objectif : traverser l'Atlantique Nord en se laissant porter par les courants chauds du Gulf Stream. Nous sommes en 1955, l'exploit du Kon-Tiki menée par Thor Heyerdahl dans le Pacifique est encore dans toutes les têtes. Mais pour Henri Beaudout, il ne s'agit pas de jouer aux héros mais de prouver sa théorie sur la portée des courants et surtout de dépasser ses traumatismes de la Seconde Guerre mondiale. La deuxième tentative en 1956 sera la bonne : après 89 jours de mer au départ de Halifax, Beaudout et son équipage réussissent à rallier l'Angleterre ! Aujourd'hui nonagénaire, Henri Beaudout est le seul survivant de l'équipage ; il vit toujours au Québec. Plus que les multiples rebondissements de cette traversée, le documentariste Ryan Barnett réussit à mettre au jour les ressorts psychologiques de cette odyssée humaine. Il en éclaire toutes les étapes, de la conception du radeau sur le chantier naval, le Dartmouth Marine Slip, à Halifax jusqu'à la reconstitution d'une réplique du radeau dans le Musée maritime du Québec en 2016. Un récit illustré par de nombreux documents d'archives et de superbes planches de bande dessinée, signées du Canadien Dmitry Bondarenko.",Courants marins;Navigation;Radeaux,797.123 091631,,,,,
258308370,Sexe et mensonges : histoires vraies de la vie sexuelle des femmes au Maroc,,"a SEXE ET MENSONGES, c'est la parole, forte et sincère, d'une jeunesse marocaine bâillonnée dans un monde arabe où le sexe se consomme pourtant comme une marchandise. Les femmes que Leïla Slimani a rencontrées lui ont confié sans fard ni tabou leur vie sexuelle, entre soumission et transgression. Car au Maroc, la loi punit et proscrit toute forme de relations sexuelles hors mariage, tout comme l'homosexualité et la prostitution. Dans cette société fondée sur l'hypocrisie, la jeune fille et la femme n'ont qu'une alternative : vierge ou épouse. SEXE ET MENSONGES est une confrontation essentielle avec les démons intimes du Maroc et un appel vibrant à la liberté universelle d'être, d'aimer et de désirer.",Vie sexuelle -- Femmes,306.7,,,,,
259602043,Memory and Recollection in the Aristotelian Tradition : Essays on the Reception of Aristotle's De memoria et reminiscentia,"Aristotle’s De memoria et reminiscentia (“On Memory and Recollection”) is the oldest surviving systematic study of the nature of human memory. Forming part of Aristotle’s other minor writings on psychology that were intended as a supplement to his De anima (“On the Soul”) and known under the collective title Parva naturalia, Aristotle’s De memoria et reminiscentia gave rise to a vast number of commentaries in the Middle Ages. The present volume offers new knowledge on the medieval understanding of Aristotle’s theories on memory and recollection across the linguistic traditions including the Byzantine Greek, Latin and Arabic reception.	Aristotélisme -- Commentaires;Aristotélisme -- Commentaires	185
259602051	La sacerdotalisation"" dans les premiers écrits mystiques juifs et chrétiens : actes du colloque international tenu à l'Université de Lausanne du 26 au 28 octobre 2015","Les prêtres et les lévites restent influents plusieurs siècles après la chute du Temple de Jérusalem en 70 de l’ère chrétienne. Ils tentent même une ou plusieurs reconfigurations de leurs fonctions dans la société. En même temps, les Sages ou rabbins essaient de capter leurs prérogatives ancestrales. Un double mouvement de sacerdotalisation et de rabbinisation est alors perceptible dans les textes rabbiniques. Qu’en est-il des premiers textes mystiques juifs dits Hekhalot ? Une telle dialectique de rejet et d’intégration est-elle perceptible ? Par comparaison, d’autres mouvements appelés plus tard chrétiens, dont certains gnostiques et d’autres groupes dans le monde perse, ont eu la même tendance.",Mystique -- Judaïsme;Mystique -- Église catholique;Sacerdoce,296,,,,,
260392650,Chaque maison a son histoire : guide des sources relatives au patrimoine immobilier privé,"Ce livre abondamment illustré invite le lecteur à un parcours à travers les différents types de sources permettant de retracer l'évolution d'un bien immobilier privé, de sa conception, de son environnement, de ses affectations et de ses occupants successifs	Architecture domestique -- Histoire -- Sources;Propriété immobilière -- Histoire -- Sources	900
260392707	Une idée par jour pour un management efficace et conscient	Entreprendre est une expérience de développement personnel qui crée de la valeur pour les porteu.r.se.s de projets, les dirigeant.e.s et la société en général. Au-delà des techniques de management, des attitudes, des comportements et des responsabilités, il demeure un domaine largement inexploré : celui des états d'âme et de la recherche de l'accomplissement individuel et collectif. Cet almanach (un conseil par jour) invite, en peu de temps, à se laisser surprendre et à apprendre au quotidien. La classification par thèmes permet également de retrouver d'autres réflexions semblables ou connexes à notre intérêt du moment. Établissant des liens entre les états d'âme, les techniques de gestion, les courants de pensée et les sagesses ancestrales, l'auteur a réussi à condenser son expérience du terrain, ses recherches et ce qu'il a pu percevoir. Ce livre nous donne les clés essentielles dans la gestion et l'exploitation de nos ressentis de dirigeant.e.s. C'est également une initiation à la gouvernance, ses concepts et ses modes de réflexion. Il s'adresse aussi à ceux qui hésitent à choisir un ouvrage de management. Il fournit un large éventail de références qui peuvent orienter les prochaines lectures. Vous y trouverez des réponses, des questions, des outils et une foule de références exprimées en peu de mots.	Efficacité de l'organisation;Gestion d'entreprise;Psychologie du travail	
260392960	Urbanisme, entre utopies et monde d'après""","Toute l'histoire de l'urbanisme est indissociable de l'utopie. Le mal logement, les conditions de vie déplorables des ouvriers, leurs aspirations à un mieux vivre, leur considération croissante par des patrons avant-gardistes, les luttes syndicales, ont conduit à des opérations exemplaires. Cités-jardins, cités Castors, palais fouriéristes, l'utopie est fondatrice et le Familistère de Guise est le lieu de la concrétisation de cette cité idéale. Les crises sociétales et sanitaires récentes ont remis en cause la pensée progressiste et moderniste. L'envie d'un monde meilleur, plus égalitaire, plus coopératif, plus apaisé, mais aussi plus frugal et moins consumériste, fait son chemin et rejoint, sur beaucoup de points, les idées fondatrices des utopistes. Rêver d'un monde meilleur, c'est penser une autre ville. Parler d'un « monde d'après » c'est déjà affirmer qu'on désire le construire. Cet ouvrage retrace l'histoire de l'utopie en urbanisme, analyse les enjeux éco sociologiques qui se posent à nous clairement et jette les bases d'un nouvel urbanisme de « l'après »",Imagination;Réalité;Urbanisme;Utopies;Villes,,,,,,
264616812,Essai sur la méthodologie de la production normative et scientifique en Afrique subsaharienne : l'exemple de la production du droit et de la science du droit,La prévalence formelle du droit d'inspiration étrangère ou droit moderne comme droit applicable dans l'environnement africain subsaharien sur ,"e droit coutumier local a abouti à un certain pluralisme, une compétition entre les deux catégories de droit, ",, existe dans ce sens une difficulté pour le droit moderne de s'imposer et d'être appliqué avec effectivité qui a provoqué ,"a rémanence du droit coutumier local sous la forme d'un droit informel. Après une étude des liens entre l'usage des méthodes d'élaboration du droit ainsi que celles de la science du droit de chaque catégorie de système (traditionnel et moderne) des sociétés d'Afrique subsaharienne et le droit informel (forme rémanente du droit coutumier local) qui s'est manifesté et s'est développé, il serait possible de faire une observation. Celle-ci permet de relever que pour remédier à cette distance entre le droit applicable et le droit réellement appliqué qui constitue un obstacle à l'efficacité des politiques dans plusieurs domaines, le recours à une alternative méthodologique du droit et de sa science adaptée à l'environnement local se présente actuellement comme tout à fait nécessaire. Les éléments qui permettent de l'attester, selon la présente étude, sont relatifs au fait que ","a marginalisation d'une option méthodologique originelle ou fondamentale en matière de droit et de science du droit qui aurait pu éviter le développement considérable d'un droit informel, laisse clairement apparaitre l'impuissance ou la défaillance de l'orientation méthodologique actuelle via-à-vis de ",a persistance du droit informel.,Hiérarchie des normes juridiques,
266610676,Doré : recontextualiser l'attrait de l'or : von neuen Allianzen und Verschmelzungen : a matter of allure,"Ist die wiederkehrende Hinwendung zu einem traditionsaufgeladenen Material in der zeitgenössischen Kunst der Versuch, das Edelmetall vom historischen Erbe, von Prunk und Pathos zu befreien? Wird damit die Aussage „es ist nicht alles Gold, was glänzt“ überprüft, indem der stets begehrte und glänzende Werkstoff in andere Zusammenhänge übertragen oder verschoben wird? Die von Harald F. Theiss kuratierte Ausstellung DORÉ ", VERGOLDET ," GILDED und der begleitende Katalog vereinen Werke der zeitgenössischen Kunst, die  sich mit dem Werk- und Farbstoff Gold auseinandersetzen und reflektieren die damit verknüpften Vorstellungen von Wert und Symbolkraft.","Art -- Thèmes, motifs;Or -- Dans l'art",704.94955341,,,,
267659466,Principes de marketing,"Accessible et ancrée dans son époque, une initiation à 360° aux concepts clés et pratiques du marketing par les deux plus grands experts mondiaux pour une meilleure compréhension des stratégies en marketing. Dans cette nouvelle édition, vous découvrirez : Les mutations profondes du marketing vers toujours plus d'éthique, de responsabilité sociétale et écologique : marketing durable, économie circulaire, vente en vrac, dénonciation du suremballage, production locale... ; La digitalisation de la société et les innovations technologiques en marketing. ; Des données et études de cas mises à jour et enrichies par une nouvelle équipe d'auteurs. ; Un décryptage des tendances actuelles et des nouvelles attentes à l'égard du marketing : Potterheads, K-pop, biscuits Nutella, marché des jeux vidéo, réalité augmentée, évolutions liées au genre, kidadultes ; marques engagées : C'est qui le Patron ? ! , Dove, VEJA ; santé connectée et innovations post-pandémie. ; Des ressources sur la plateforme d'enseignement- apprentissage MyLab "," version française : apprendre, s'entraîner, mémoriser les concepts clés et réviser à son rythme et en parfaite autonomie",Marketing,658.8,,,,,
268071004,"Arduino Pas à pas  :  Le guide ultime du débutant avec les bases du matériel, du logiciel, de la programmation et des projets ", Arduino ," Pas à pas, est le livre pour tous ceux qui veulent apprendre les bases du mini-PC Arduino par un ingénieur (M.Eng.). Dans ce livre, vous apprendrez à la fois les bases théoriques et l'utilisation pratique d'un Arduino à l'aide de superbes exemples pratiques (comme par exemple : Signal SOS avec LED, contrôle LED basé sur la température, contrôle d'un moteur en fonction de la lumière, et plus encore). Ce livre est le tout-en-un pour les débutants, car il explique en détail toutes les bases nécessaires à l'utilisation d'un Arduino en termes de matériel, de logiciel et de programmation. D'ailleurs, dans ce livre, nous travaillerons exclusivement avec l'Arduino Uno, car il est parfaitement adapté aux débutants. L'objectif de ce livre est de vous faire comprendre ce qu'est un Arduino, comment il fonctionne et comment l'utiliser pour de superbes projets. C'est un livre qui vous permet de comprendre les bases de l'électrotechnique, de la programmation et de la construction de circuits pour Arduino. Jetez-y un coup d'œil dès maintenant et recevez votre exemplaire chez vous, en livre électronique ou en livre de poche !",Informatique -- Internet;Programmation sur Internet;Électronique,,,,,,
